Crypto Marketcap In USD Billions,Crypto Ransomware Payment In USD Millions
207.029,661.5568317592603
434.4159999999999,909.544035270023
570.317,1041.3833756283852
779.2069999999999,912.9747264695959
923.823,864.5695586226911
1133.26,766.6059162751195
1159.1250000000002,886.7386329839981
1470.5900000000004,1249.653224568102
1470.5900000000004,1222.3774631108681
1526.9730000000004,1230.3660351009917
1914.0930000000005,1723.978294673328
